ALTER TABLE `registry`.`pregnancy` 
ADD COLUMN `ReminderNotifications` TINYINT NULL DEFAULT 1 AFTER `FacilityID`,
ADD COLUMN `RecommendationNotifications` TINYINT NULL DEFAULT 1 AFTER `ReminderNotifications`;

--
-- Table structure for table `notificationtext`
--

DROP TABLE IF EXISTS `notificationtext`;
/*!40101 SET @saved_cs_client     = @@character_set_client */;
/*!40101 SET character_set_client = utf8 */;
CREATE TABLE `notificationtext` (
  `NotificationTextID` int(10) NOT NULL AUTO_INCREMENT,
  `NotificationID` int(10) NOT NULL,
  `Text` varchar(2500) COLLATE utf8_bin DEFAULT NULL,
  `LanguageCode` varchar(2) COLLATE utf8_bin NOT NULL,
  PRIMARY KEY (`NotificationTextID`),
  UNIQUE KEY `RecomendationTextID_UNIQUE` (`NotificationTextID`),
  KEY `NotificationID_idx` (`NotificationID`),
  CONSTRAINT `NotificationID` FOREIGN KEY (`NotificationID`) REFERENCES `notification` (`NotificationID`) ON DELETE NO ACTION ON UPDATE NO ACTION
) ENGINE=InnoDB AUTO_INCREMENT=355 DEFAULT CHARSET=utf8 COLLATE=utf8_bin;
/*!40101 SET character_set_client = @saved_cs_client */;

--
-- Dumping data for table `notificationtext`
--

LOCK TABLES `notificationtext` WRITE;
/*!40000 ALTER TABLE `notificationtext` DISABLE KEYS */;
INSERT INTO `notificationtext` VALUES (1,1,'Welcome. You have just missed your period, and you\'re already 5 weeks pregnant. Plan to go to the clinic soon.','EN'),(2,2,'Share the secret of your pregnancy with your health worker. She will give you iron and folic acid tablets to help your baby grow well.','EN'),(3,3,'Are you feeling sick? Most women do in early pregnancy. Try having some ginger, mint or lemon tea, and rest if you can.','EN'),(4,4,'Your baby is the size of a lentil. He already has tiny hands and feet and his heart is beating. ','EN'),(5,5,'Going to the clinic will help make sure that you and your baby stay healthy. Find out where your nearest clinic is today.','EN'),(6,6,'Spotting or light bleeding is worrying but very common in pregnancy. If you have bleeding with pain, contact the clinic immediately.','EN'),(7,7,'Your baby\'s heart and brain are forming. Take iron + folic acid pills each day to help her stay safe. You can get them free at the clinic.','EN'),(8,8,'Eat well, so your baby will grow well. Try to eat some meat, eggs, bean or lentils every day and green vegetables and milk, yoghurt or soya.','EN'),(9,9,'Light bleeding about the time you would have had your period is very common. If you have bleeding with pain, contact your health worker.','EN'),(10,10,'Your baby is the size of a grape and his bones are developing. You may feel sick or vomit. Eat when you can and drink plenty of clean water.','EN'),(11,11,'Some medicines can harm your baby. If your friends and family suggest a medicine, check with your health worker first before taking it.','EN'),(12,12,'Plan how you will get to the clinic for your first visit in a couple of weeks\' time. Ask your family for help to get there.','EN'),(13,13,'You are 2 months pregnant. Even though the baby inside you is tiny you may be very tired. That\'s normal. Growing a baby is hard work!','EN'),(14,14,'Protect yourself from infections. Wash your hands with soap before you prepare meals, after using the toilet and after handling animals.','EN'),(15,15,'Bad or stale food can make you ill. Make sure that all your food is fresh. Cook fresh meals every day. Store food in a cool, dry place.','EN'),(16,16,'Your baby is now the size of a date. Arrange to go the clinic for a check-up and for your iron and folic acid pills. Take these each day.','EN'),(17,17,'Giving birth puts you and your baby at risk of tetanus. The Tetanus vaccine can protect you both. Ask your health worker about it.','EN'),(18,18,'Iodine helps your baby\'s brain develop. Check the salt you buy has iodine added. Ask at the clinic if you are not sure.','EN'),(19,19,'You may be feeling less sick about now. Your baby is the size of your thumb and is protected by the water he floats in, inside your womb.','EN'),(20,20,'Blood tests done at the clinic check your iron levels. You may be offered the tetanus vaccine and an HIV test ','EN'),(21,21,'Feeling dizzy? Sit down, eat and drink something, until you feel better. Get up slowly. Try to eat little and often.','EN'),(22,22,'Drinking alcohol is bad for you and your baby. It could make your baby weak and ill. Don\'t drink in pregnancy.','EN'),(23,23,'If you have a fever, or start shaking and feeling sick, go to the clinic. A fever can affect your baby as well as you, and needs treating.','EN'),(24,24,'Drink plenty of clean water throughout the day. It can help wash away germs in your body. If you have pain urinating, go to the clinic.','EN'),(25,25,'Your baby is as big as half a banana! She is growing sucking muscles in her mouth. She will be ready to breastfeed as soon as she is born.','EN'),(26,26,'Don\'t forget to take your iron and folic acid pills. A dark line on your stomach is caused by pregnancy and will fade after the birth.','EN'),(27,27,'Smoking harms you and your baby. If you smoke, your baby could be born weak and catch infections easily. Stop smoking and avoid smoky places.','EN'),(28,28,'Your baby is growing hair, and he can also grasp, frown and even suck his thumb! Try to eat an extra mouthful of food at each meal and extra snacks.','EN'),(29,29,'Many women begin to feel less sick now and get hungry instead. Eat fruit, vegetables, and meat or lentils, peas, and beans.','EN'),(30,30,'Some pregnant women crave non-foods such as soil. Don\'t eat them. Talk to clinic staff if you have these cravings.','EN'),(31,31,'Inside you, your baby will just fit in the palm of your hand. He even has tiny fingernails and eye lashes.','EN'),(32,32,'Drinking alcohol can harm your baby. It can affect her growth. It\'s best not to have any alcohol. Drink plenty of clean water.','EN'),(33,33,'Open windows if your house is very smoky. Try to give up smoking while you are pregnant, as it can harm your baby.','EN'),(34,34,'Your baby is now the size of a pear. He may have found his first toy - the umbilical cord! After the birth, keep the cord stump clean.','EN'),(35,35,'Iron and folic acid tablets will help you stay well and help your baby grow well. Ask for them at the clinic. They are free.','EN'),(36,36,'Your baby is now the size of a small mango. If you are constipated drink plenty of clean water and eat fruit and vegetables. ','EN'),(37,37,'Keeping clean helps protect you and your baby from infections. Wash your hands with soap after the toilet and before meals.','EN'),(38,38,'You may need extra money during pregnancy, for travel to the clinic and for when your baby arrives. Start saving a little bit every day.','EN'),(39,39,'Your baby is twice the size he was last week. He\'s moving more and you will feel him soon. He can hear your heartbeat now.','EN'),(40,40,'Tired with headaches and dizziness? You may need iron. Remember to take your daily iron and folic acid pills. Get more from the clinic.','EN'),(41,41,'It is common to have backache during pregnancy. Lift heavy things carefully. Divide loads evenly between both hands.','EN'),(42,42,'Your baby has all her major organs now - the heart, liver and kidneys. She\'s even started developing taste buds on her tongue!','EN'),(43,43,'Ask about your blood group at the clinic. Check if relatives have the same blood group. Ask them if they will donate blood if you need it.','EN'),(44,44,'Make a plan with your family to put your new baby to the breast in the first hour. Your creamy first milk will protect him from illness.','EN'),(45,45,'You\'re halfway through pregnancy! Your baby floats in fluid. This protects him from bumps, keeps him warm and lets him move around.','EN'),(46,46,'You\'ll start feeling your baby kicking soon. Take time every day to feel him move. Tell your health worker of any changes.','EN'),(47,47,'Feeling out of breath when you walk? Your womb is squashing your lungs now. Go to the clinic if you find you are breathless all the time.','EN'),(48,48,'Your baby can hear your heartbeat and other noises from inside your body. He can hear your voice as well, so talk and sing to him.','EN'),(49,49,'Wash your hands with soap and water to help prevent infections. Wash them after handling animals, using the latrine and before cooking.','EN'),(50,50,'Go to the clinic if you have a fever, vomiting, bleeding or pain when you pass urine. Make sure your family know these signs, too.','EN'),(51,51,'Your baby can turn over as well as kick. This is a good sign. Tell your health worker if you notice your baby moving much less than usual.','EN'),(52,52,'As your baby grows inside you, he will need more food. Slowly increase the amount of food you eat as your stomach grows.','EN'),(53,53,'Growing a baby can make you feel very tired. Get as much rest as you can. Ask your family to help with shopping, cooking and cleaning.','EN'),(54,54,'Your baby now has definite times of sleeping and waking. He may wake you with his kicks. Go to the clinic if the kicks slow down or stop.','EN'),(55,55,'If anyone in your family has TB, there are medicines that can cure it. If they get treatment, it will help protect your baby when he\'s born.','EN'),(56,56,'The area around your nipples may become darker and your breasts may feel heavier now. Your body is preparing to breastfeed your baby.','EN'),(57,57,'Your baby\'s sense of taste is developing, ready to enjoy your milk! Your breastmilk will make your baby grow strong. It\'s the perfect food. ','EN'),(58,58,'Your first milk is best for your baby. Let your partner know you want to breastfeed your baby within the first hour. He can support you.','EN'),(59,59,'It\'s time for your next clinic visit. Get more iron and folic-acid tablets. If the clinic is out of stock, ask when to go back for them. ','EN'),(60,60,'Your baby is gaining fat. This fat will help keep him warm when he is born. You can help him by eating a few extra mouthfuls at each meal.','EN'),(61,61,'Your growing baby needs plenty of iron. Try to eat meat, lentils, beans or chickpeas every day, and take your iron pill.','EN'),(62,62,'A burning sensation at the top of your stomach is heartburn. Spicy and oily foods can make it worse. A glass of milk may help soothe it.','EN'),(63,63,'Your baby is about the size of a pineapple. He is practising moving the muscles in his chest, so he will be ready to breathe at birth.','EN'),(64,64,'Complications sometimes occur when giving birth. It\'s best to try and have your baby at a clinic',' t'),(65,65,'As your baby grows, taking up more room in the womb, you may find it hard to eat big meals. Eat little and often to get enough food.','EN'),(66,66,'Babies dream at this stage in pregnancy. Perhaps he\'s dreaming about being born! If he\'s not as active as usual, tell your health worker.','EN'),(67,67,'Calcium helps your baby\'s bones and teeth grow strong. Drink milk and eat dried figs, naan bread, beans or vegetables to get plenty of calcium.','EN'),(68,68,'Slightly swollen hands and feet are common in pregnancy. But if you have sudden swelling and headaches, go to the clinic.','EN'),(69,69,'Your baby responds to change - she may move when you undress! Feel thirsty and need to urinate a lot? Tell clinic staff, it may be diabetes.','EN'),(70,70,'Giving birth at home? At the clinic, you can get a birth kit with a plastic sheet, a sterile cord-cutting tool and string to tie the cord.','EN'),(71,71,'Drink plenty of water and eat fruit to keep your stools soft. If you have itching around the anus, wash the area after you open your bowels.','EN'),(72,72,'Your baby is the same size as a large breadfruit. You may feel him reacting to light and sound. He may wriggle when you sing to him.','EN'),(73,73,'Eat two extra mouthfuls of food at each meal and a healthy snack between meals. Eat something extra before you go to bed, too.','EN'),(74,74,'If you need a blood transfusion, your friends & family can donate. Ask them to find out if their blood group matches yours. ','EN'),(75,75,'Your baby can open and close his eyes. Inside your womb, he can tell day from night by the way the light changes.','EN'),(76,76,'Are you having your baby at the clinic? Find out the fastest way to get there and what transport you can take. Ask your family to help you.','EN'),(77,77,'Not going to a clinic for the birth? Make sure you have a trained birth attendant and a birth kit ready so you have a safe, clean birth.','EN'),(78,78,'If you could take a peek inside, you would see if you have a boy or girl, as the genitals have now developed.','EN'),(79,79,'Have a trained birth attendant present during birth. She will know how to deliver the placenta safely and can stop you bleeding too much.','EN'),(80,80,'Have you felt your belly tighten suddenly, then relax? This was a practice contraction. Your body is getting ready for labour.','EN'),(81,81,'Your baby is getting plump! This body fat will keep him warm when he is born. Have 2 cloths ready. One to dry him and one to wrap him in. ','EN'),(82,82,'Have a hat or small cloth ready to cover your new baby\'s head. Babies lose lots of heat from their heads. Hold him close to keep him warm.','EN'),(83,83,'It\'s time for your third clinic visit. Make plans to put your baby to the breast as soon as he is born. Do not give honey or anything else.','EN'),(84,84,'Your baby may settle head down now, the best position to be born! You may find it harder to walk. It\'s time to slow down.','EN'),(85,85,'If the bag of waters your baby is in breaks, go to the clinic. Your baby is at risk of infection. It may be a trickle or a gush.','EN'),(86,86,'Leg cramps may wake you up at night. Stretch your leg, walk around and stand on something cold to ease the cramps.','EN'),(87,87,'A baby born early needs extra care and warmth. If he is too weak to breastfeed, give him expressed milk. Clinic staff can show you how.','EN'),(88,88,'Sudden swelling of hands, face and feet is a sign of a problem. Tell your family, and ask them to take you to the clinic if they see this.','EN'),(89,89,'Your baby will drop lower now ready to be born. You will breathe more easily, but may also have to urinate more frequently.','EN'),(90,90,'Your body is designed to give birth. It will stretch and open with each contraction in labour, making space for your baby to be born.','EN'),(91,91,'Breastfeeding is the best way. It is safe, prevents illness, and helps your baby grow strong. Let your baby suckle whenever he wants.','EN'),(92,92,'Sometimes an operation is the safest way to have your baby. Choose a clinic where you trust the staff just in case you need an operation.','EN'),(93,93,'Your newborn baby will need help to stay warm when he\'s born. Have some cloths ready to wrap and dry him with, and hold him close to you.','EN'),(94,94,'To cut the cord, you need a new razor blade or sterile knife and two pieces of string about the length of your hand. Get these ready now.','EN'),(95,95,'It\'s time for your last check-up at the clinic. Use this check-up to ask questions about the birth and how to cut the cord safely.','EN'),(96,96,'When the cord stops pulsing, tie a piece of string 3 fingers from you, another 3 fingers from the baby. Cut the cord between the strings.','EN'),(97,97,'A cord infection can make your baby very ill. Sponge the cord with clean water and leave it uncovered to dry. Don\'t put anything else on it.','EN'),(98,98,'Don\'t bathe your baby for the first 6 hours of her life. Keep her well wrapped up and her head covered. The cord will drop off after a week.','EN'),(99,99,'Your baby is curled up inside you all ready to be born. Talk to your health worker about the vaccinations your baby needs when she is born.','EN'),(100,100,'A jelly-like substance on your underwear is a sign that labour will start soon. If you have bleeding like a period, go to the clinic.','EN'),(101,101,'Low back pain is a sign that the baby is low down, ready to get born. Make sure you can get to the clinic in time.','EN'),(102,102,'It is natural to worry with the birth so close, but you don\'t have to do it alone. Talk to your health worker, she can guide you.','EN'),(103,103,'Your baby needs nothing else apart from breastmilk for the first 6 months. Your milk will contain all the water and goodness he needs.','EN'),(104,104,'Your body knows how to care for your baby. As she grows, the milk you make will change to suit her, and you\'ll make the right amount.','EN'),(105,105,'Your baby can hear, see, and suck. He is snug and warm curled up inside you. He is ready to be born and will be able to feed straight away.','EN'),(106,106,'Your new baby will feel the cold. Keep him dry and nurse him on your bare chest under a blanket to help keep him warm.','EN'),(107,107,'Your new baby needs your care. If she\'s having trouble breathing or feeding, is too hot or too cold, or doesn\'t respond, go to the clinic.','EN'),(108,108,'Your baby is waiting for labour to start as well. You do this together! Make sure you have everything ready.','EN'),(109,109,'After birth, you will bleed like a very heavy period, so be prepared. Let your baby suckle straight after birth to help lessen the bleeding.','EN'),(110,110,'Go back to the clinic after the birth if your bleeding is heavy, it has a bad smell, you pass clots of blood, or you feel faint. ','EN'),(111,111,'If your baby is still not here by next week, visit the clinic. Make sure you can get to the clinic when labour does start.','EN'),(112,112,'Regular, strong contractions are a sign of labour. If you feel them, go to the clinic or fetch your birth attendant. Don\'t wait.','EN'),(113,113,'When your baby is here, you can get help from your health worker. Talk to your health worker about anything. She is your friend.','EN'),(116,3,'Ви відчуваєте себе хворим? Більшість жінок робити на початку вагітності. Спробуйте, маючи деякі імбиру, м\'яти або лимонний чай і відпочинку, якщо ви можете.','UK'),(117,4,'Ваша дитина розміром з сочевицю. У нього вже є крихітні руки і ноги, і його серце б\'ється.','UK'),(118,5,'Збирається за допомогою Клініка хоче, щоб переконатися, що ви і ваша дитина залишатися здоровим. Дізнайтеся, де найближчу клініку сьогодні.','UK'),(119,6,'Кров\'янисті виділення або легке кровотеча є тривожним, але дуже часто під час вагітності. Якщо у вас є кровотеча з болем, зверніться до клініки негайно.','UK'),(120,7,'Формування ваша дитина серця і мозку. Приймати заліза + фолієвої кислоти таблетки щодня, щоб допомогти їй убезпечити себе. Ви можете отримати їх безкоштовно в клініці.','UK'),(121,8,'Добре поїсти, так що ваша дитина буде рости так. Спробуйте з\'їсти деякі м\'ясо, яйця, бобові або сочевиця, кожен день і зелені овочі і молоко, йогурт або сої.','UK'),(122,9,'Світло кровотеча про час ви повинні були ваші період є дуже поширеним явищем. Якщо у вас є кровотеча з болем, зверніться до працівників охорони здоров\'я.','UK'),(123,10,'Ваша дитина є розмір винограду і розвиваються його кістки. Ви можете почувати себе хворим або блювота. Їсти, коли ви можете і пити багато чистої води.','UK'),(124,11,'Деякі ліки можуть завдати шкоди вашій дитині. Якщо ваші друзі та родина запропонувати ліки, зверніться до вашого медпрацівником спочатку перш ніж приймати його.','UK'),(125,12,'План, як ви хочете, щоб отримати в клініку для вашого першого візиту в пару тижнів. Прошу вашої сім\'ї за допомогою туди добратися.','UK'),(126,13,'Ти 2 місяці вагітності. Незважаючи на те, що дитина всередині вас є крихітний може бути дуже втомився. Що є нормальним. Вирощування дитини це тяжка праця!','UK'),(127,14,'Захиститися від інфекцій. Мийте руки з милом, перш ніж ви приготувати їжу, після використання в туалеті і після обробки тварин.','UK'),(128,15,'Поганий або черствий їжі може зробити вас штат Іллінойс переконайтеся, що вашу їжу свіжими. Приготувати свіжі страви кожен день. Зберігання продовольства в прохолодному, сухому місці.','UK'),(129,16,'Your baby is now the size of a date. Arrange to go the clinic for a check-up and for your iron and folic acid pills. Take these each day.','UK'),(130,17,'Народження ставить вам і вашій дитині ризику правця. Правець вакцина може захистити вас обох. Попросіть вашого медпрацівником про це.','UK'),(131,18,'Йод допомагає вашої дитини мозок розвиватися. Перевірте солі ви купуєте має йод, додав. Якщо ви не впевнені, запитайте в клініці.','UK'),(132,19,'Ви можете відчувати себе менш хворі приблизно зараз. Ваша дитина є розмір вашого великого пальця і захищений від води, він висловив у, всередині утроби твоєї.','UK'),(133,20,'Аналізи крові в клініці перевірити свій рівень заліза. Вам може бути запропоновано, правець вакцин та ВІЛ тест','UK'),(134,21,'Почуття запаморочення? Сідай, їсти і пити те, що, поки ви відчувати себе краще. Встати повільно. Спробуйте з\'їсти мало і часто.','UK'),(135,22,'Вживання алкоголю, це погано для вас і вашої дитини. Це може зробити ваш малюк слабким і штат Іллінойс не пийте під час вагітності.','UK'),(136,23,'Якщо у вас висока температура або почати трясіння і почуття хворий, лягати в клініку. Лихоманка може вплинути на вашої дитини, а також лікування, як ви і потреби.','UK'),(137,24,'Пити багато чистої води протягом дня. Це допоможе змити мікробів у вашому тілі. Якщо у вас є біль у сечовипусканні, лягати в клініку.','UK'),(138,25,'Ваша дитина є як великі, як половини банана! Вона росте смоктання м\'язи в рот. Вона хоче, щоб бути готовим, щоб годувати грудьми, як тільки вона народилася.','UK'),(139,26,'Не забудьте взяти заліза і фолієвої кислоти таблетки. Темна лінія на живіт викликаних вагітністю та зникне після народження.','UK'),(140,27,'Куріння завдає шкоди вам і вашій дитині. Якщо ви курите, ваша дитина може народитися слабкий і легко зловити інфекцій. Кинути палити і уникнути димний місць.','UK'),(141,28,'Ваша дитина росте волосся, і він може тому зрозуміти, хмуритися і навіть смоктати великий палець! Спробуйте з\'їсти на додатковому ковток продуктів харчування на кожного прийому їжі і додаткових закуски.','UK'),(142,29,'Many women begin to feel less sick now and get hungry instead. Eat fruit, vegetables, and meat or lentils, peas, and beans.','UK'),(143,30,'Some pregnant women crave non-foods such as soil. Don\'t eat them. Talk to clinic staff if you have these cravings.','UK'),(144,31,'Всередині вас ваша дитина буде просто вписуються в долоні вашої руки. Він навіть має крихітні нігті і очей вій.','UK'),(145,32,'Вживання алкоголю може завдати шкоди вашій дитині. Це може вплинути на її зростання. Це краще не мати будь-який алкоголізм. Пити багато чистої води.','UK'),(146,33,'Відкриті вікна, якщо ваш будинок дуже димний. Спробуйте кинути палити під час вагітності, як це може завдати шкоди вашій дитині.','UK'),(147,34,'Ваша дитина в даний час розмір груша. Він може знайшли його перший іграшка - пуповина! Після народження тримати чистим пень шнур.','UK'),(148,35,'Заліза і фолієвої кислоти таблетки, щоб допомогти залишатися добре і допомогти вашій дитині рости так. Попросіть їх в клініці. Вони є вільними.','UK'),(149,36,'Ваша дитина в даний час розмір малого манго. Якщо запор пити багато чистої води і їдять фрукти та овочі.','UK'),(150,37,'Ведення Чистота допомагає захистити вас і вашої дитини від інфекцій. Мийте руки з милом, після туалет і перед їжею.','UK'),(151,38,'Вам може знадобитися додаткові гроші під час вагітності, для поїздок в клініку і коли надходить ваша дитина. Почати економити трохи кожен день.','UK'),(152,39,'Ваша дитина є рази більше він те, що минулого тижня. Він рухається більше, і ви хочете, щоб відчути його найближчим часом. Тепер він може почути ваш серцебиття.','UK'),(153,40,'Набридло з головного болю і запаморочення? Вам може знадобитися заліза. Не забудьте взяти ваш щоденний таблетки заліза і фолієвої кислоти. Отримайте більше від клініки.','UK'),(154,41,'Це загальноприйнята мають болі в спині під час вагітності. Обережно підніміть тяжких предметів. Розділіть навантаження рівномірно між обома руками.','UK'),(155,42,'Вашої дитини є її основних органів зараз - серця, печінки і нирок. Вона має навіть освоює ключових бруньки на її мовою!','UK'),(156,43,'Запитайте про свою групу крові в клініці. Перевірте, якщо у родичів є тієї ж групи крові. Запитайте їх, якщо вони хочуть, щоб здати кров, якщо це необхідно.','UK'),(157,44,'Скласти план зі своєю сім\'єю, щоб покласти нового дитини до грудей протягом першої години. Вершкове молоко вперше захистить його від хвороби.','UK'),(158,45,'Ви знаходитесь на півдорозі через вагітності! Ваша дитина плаває в рідині. Це захищає його від ударів, зберігає його теплою і дозволяє йому рухатися навколо.','UK'),(159,46,'Починайте відчуття вашої дитини ногами найближчим часом. Приділіть час кожен день, відчувати його переміщення. Скажи вашого здоров\'я працівника будь-яких змін.','UK'),(160,47,'Почуття зупиняється дихання, коли ви гуляєте? Утроби твоєї гасити ваші легені зараз. Лягати в клініку, якщо ви виявите, що ви є задихаючись весь час.','UK'),(161,48,'Дитині можна почути ваш серцебиття і інші шуми від всередині вашого тіла. Він може почути ваш голос, а також, щоб говорити і співати йому.','UK'),(162,49,'Мийте руки з милом і водою для запобігання інфекції. Вимийте їх, після обробки тварин, використовуючи відхоже місце і перед приготуванням.','UK'),(163,50,'Лягати в клініку, якщо у вас є лихоманка, блювота, кровотечі або біль під час передавання сечі. Переконайтеся, що ваша сім\'я знає ці знаки, занадто.','UK'),(164,51,'Ваша дитина може перевернути, а також удар. Це хороший знак. Розкажіть працівників охорони здоров\'я, якщо ви помітили, що ваша дитина рухається набагато менше, ніж зазвичай.','UK'),(165,52,'Як ваша дитина росте всередині вас, йому буде потрібно більше їжі. Поступово збільшити кількість їжі, ви їсте, як ваш шлунок зростає.','UK'),(166,53,'Вирощування дитини може зробити вас почувати себе дуже втомленим. Отримати стільки відпочинок, як ви можете. Запитайте вашу родину, щоб допомогти з магазинами, приготування їжі та прибирання.','UK'),(167,54,'Ваша дитина тепер має певний час сну і неспання. Він може розбудять вас з його ногами. Перейти до клініки, якщо ногами до уповільнення або припинення.','UK'),(168,55,'Якщо хто-небудь у вашій родині Туберкульозу, ліки, які можна вилікувати, якщо вони отримують лікування, вона хоче, щоб допомогти захистити вашої дитини, коли він народився.','UK'),(169,56,'Територія навколо соски може стати темніше і ваші груди може відчувати себе більш важкі зараз. Ваш організм готується годувати грудьми вашої дитини.','UK'),(170,57,'Ваша дитина почуття ключ є розвивається, готова насолоджуватися молоко! Ваш грудне зроблять ваша дитина зміцніти. Це досконалої їжею.','UK'),(171,58,'Перший молоко є кращим для вашої дитини. Нехай твій партнер, знаю, що ви хочете, щоб годувати грудьми вашої дитини протягом першої години. Він може підтримати вас.','UK'),(172,59,'Настав час для вашого наступного візиту клініки. Отримати більше заліза і фолієвої кислоти таблетки. Якщо Клініка буде в наявності, запитати, коли, щоб повернутися до них.','UK'),(173,60,'Ваша дитина є отримання жиру. Цей жир допоможе, тримати його теплим, коли він народився. Ви можете допомогти йому поїдаючи кілька додаткових ковтків при кожному прийомі їжі.','UK'),(174,61,'Зростаюча дитина має багато заліза. Намагайтеся їсти м\'ясо, сочевиця, боби або нут кожен день і скористатися заліза таблетки.','UK'),(175,62,'Печіння верхній живота є печія. Пряні і жирної їжі може зробити його гірше. Склянку молока може допомогти заспокоїти його.','UK'),(176,63,'Ваша дитина є розміром з ананас. Він практикує рухаються м\'язи в грудях, тому він буде готовий дихати при народженні.','UK'),(177,64,'Іноді ускладнення під час пологів. Це найкраще, мати дитину в клініці',' Т'),(178,65,'Як ваша дитина росте, беручи більше місця в утробі матері, ви можете знайти його важко є великі страви. Є мало і часто, щоб отримати достатньо їжі.','UK'),(179,66,'Діти мрія на цій стадії вагітності. Можливо, він мріє про народження! Якщо він не так активно як звичайно, скажіть ваш медпрацівником.','UK'),(180,67,'Кальцій допомагає вашої дитини кістки і зуби зміцніти. Пити молоко і з\'їсти сушені клітці, НААН хліб, боби або овочі, щоб отримати велику кількість кальцію.','UK'),(181,68,'Трохи напухлим руки і ноги, часто під час вагітності. Але якщо у вас є раптове набряк і головні болі, лягати в клініку.','UK'),(182,69,'Ваша дитина реагує на зміни - вона може рухатися, коли ви роздягтися! Відчувати себе багато пити і потребують мочитися на? Розкажіть персоналу клініки, це може бути діабет.','UK'),(183,70,'Даючи народження вдома? В клініці ви можете отримати народження комплект з пластикових листів стерильних шнур різального інструменту та рядка зв\'язати запис.','UK'),(184,71,'Пийте багато води і з\'їсти фрукти, щоб зберегти ваш кал м\'які. Якщо у вас є свербіж навколо ануса, мити області, після того, як ви відкриваєте свої Надра.','UK'),(185,72,'Ваша дитина є такого ж розміру як великі плоди хлібного дерева. Ви можете відчути його реагуючи на світла і звуку. Ей може ухилятися коли співають йому.','UK'),(186,73,'Їжте двох додаткових ковтків їжі при кожному прийомі їжі і здорові закуски між прийомами їжі. З\'їсти що-небудь додаткове перед тим, як лягати спати, теж.','UK'),(187,74,'Якщо вам потрібна переливання крові, друзі і сім\'я можуть пожертвувати. Попросіть їх, щоб дізнатися, якщо їх крові група займається підбором твоє.','UK'),(188,75,'Ваша дитина може відкривати і закривати очі. Всередині утроби твоєї він може сказати дня від ночі шляхом зміни світла.','UK'),(189,76,'Ви з вашої дитини в клініці? Знайти найшвидший шлях, щоб отримати там і яким транспортом ви можете взяти. Запитайте вашу родину, щоб допомогти вам.','UK'),(190,77,'Не збираюся клініку для народження? Переконайтеся, що навчений народження супутніх і народження комплект готовий так що у вас є сейф, очистити народження.','UK'),(191,78,'Якщо ви могли б прийняти зазирнути всередину, ви б бачити наявність хлопчик чи дівчинка, а тепер розробили статевих органів.','UK'),(192,79,'Вже навчений народження attendant були присутні при народженні. Вона хоче знати, як безпечно доставити плацента, і ви можете зупинити кровотечу занадто багато.','UK'),(193,80,'У вас розслабитися Войлок ваш живіт затягнути раптом, потім? Це те, що практика дефляція. Ваш організм готується праці.','UK'),(194,81,'Ваша дитина стає пухкі! Цей жир буде тримати його теплим, коли він народився. Є 2 полотна готовий. Один сушитися ним та одним оберніть його в.','UK'),(195,82,'Є муніципалітет має або невеликий скатертиною готове для покриття голови вашої нової дитини. Немовлята втратити багато тепла з їх головами. Тримайте його поруч тримати його теплим.','UK'),(196,83,'Настав час для третього клініки візиту. Переконайтеся, що планують Покладіть малюка до грудей, як тільки він народиться. Не дають мед, або що-небудь ще.','UK'),(197,84,'Ваша дитина може вирішити голову вниз тепер, найкращому положенні, щоб народитися! Ви можете знайти важче нею йти. Це час, щоб сповільнити.','UK'),(198,85,'Якщо вод мішок з вашої дитини в перервах, перейдіть до клініки Ваша дитина піддається ризику інфікування. Це може бути струмочок або за переріс.','UK'),(199,86,'Судоми можуть розбудити вас на ніч. Розтягнути нога, ходити навколо і стояв на щось холодне, щоб полегшити судоми.','UK'),(200,87,'Дитина народилася рано потребує особливу обережність і тепло. Якщо він занадто слабка, щоб годувати грудьми, дати йому висловив молока. Клініка персонал може показати вам, як.','UK'),(201,88,'Раптовий набряк руки, обличчя та ніг є ознакою проблеми. Скажіть вашої родини і попросити їх, щоб прийняти вас в клініці, якщо вони бачать це.','UK'),(202,89,'Ваша дитина хоче падіння нижче тепер готові народитися. Ви хочете легше дихати, але так, можливо більш часто мочиться.','UK'),(203,90,'Ваше тіло має на меті дати народження. Він хоче, щоб розтягнути і відкрити з кожного дефляція у праці, щоб простір для вашої дитини з народження.','UK'),(204,91,'Грудне вигодовування є найкращим способом. Це безпечно, запобігає хвороби і допомагає дитині зміцніти. Нехай ваш малюк смоктати всякий раз, коли він хоче.','UK'),(205,92,'Іноді хірургії це найбезпечніший спосіб мати вашої дитини. Вибрати клініку, де ви довіряєте персонал, у випадку, якщо вам потрібна операція.','UK'),(206,93,'Новонароджена дитина буде потрібна допомога, щоб зігрітися, коли він народився. Є деякі полотна готові обернути сухий йому з і тримати його поруч з вами.','UK'),(207,94,'Нарізати шнур, потрібні нові бритвою або стерильні ножа та дві частини струнний про довжина вашої руки. Приготуйтеся дані зараз.','UK'),(208,95,'Настав час для вашого останнього перевірки в клініці. За допомогою цього виїзду до задавати питання про народження і як поза обмеженнями безпечно.','UK'),(209,96,'Коли шнур зупиняється посиланні імпульсів, обв\'язати шматочок рядок 3 пальці від вас, інший 3 пальці від дитини. Поза обмеженнями між рядків.','UK'),(210,97,'Шнур інфекція може зробити ваш малюк дуже штат Іллінойс Губка шнура з чистою водою і залишити його Непокритий висохнути. Не кладіть нічого на ній.','UK'),(211,98,'Не купатися вашої дитини для першого 6 години свого життя. Тримайте її добре загорнутий і крита голову. Шнур буде йдуть через тиждень.','UK'),(212,99,'Ваша дитина є згорнувшись калачиком всередині вас все готово, щоб народитися. Поговорити з працівників охорони здоров\'я про щеплення, що ваша дитина потребує, коли вона народилася.','UK'),(213,100,'Желе подібні речовини на свою нижню білизну це ознака того, що праця почне найближчим часом. Якщо у вас є кровотеча як період, лягати в клініку.','UK'),(214,101,'Низькою болі в спині є ознакою, що дитина є низьким вниз, готова до get Борна. Переконайтеся, що ви можете отримати в клініку в часі.','UK'),(215,102,'Це природно турбуватися з народженням так близько, але ви не повинні робити це поодинці. Поговоріть зі своїм медичним працівником, вона може направити вас.','UK'),(216,103,'Необхідно нічого іншого Крім грудне перші 6 місяців вашої дитини. Молоко буде містити всі води і добро, він потребує.','UK'),(217,104,'Ваше тіло знає, як доглядати за дитиною. Як вона росте, молоко буде змінюватися відповідно зробити тут, і ви робите потрібну кількість.','UK'),(218,105,'Ваша дитина може почути, побачити і смоктати. Він є затишно і тепло, згорнувшись калачиком всередині вас. Він готовий народитися і буде мати можливість годувати прямо зараз.','UK'),(219,106,'Новий дитина буде відчувати холод. Тримайте його сухим і годувати його на вашої голими грудьми під ковдрою, щоб допомогти йому зігрітися.','UK'),(220,107,'Новий дитина потребує вашої допомоги. Якщо вона з проблеми з диханням або годування, занадто спекотно або занадто холодно, або не відповідає, лягати в клініку.','UK'),(221,108,'Ваша дитина чекає праці для початку, а також. Ви робите це разом! Переконайтеся, що все готово.','UK'),(222,109,'Після народження вам буде кровоточити як дуже важкий період, так що будьте готові. Нехай ваш малюк смоктати відразу після народження, щоб допомогти зменшити кровотечу.','UK'),(223,110,'Повернемося до клініки після народження, якщо ваш кровотечі, важкий, вона має неприємний запах, ви перевал знаходиться в крові, або ви відчуваєте слабкий.','UK'),(224,111,'Якщо все-таки ваша дитина не тут на наступному тижні для відвідування клініки. Переконайтеся, що ви можете отримати в клініку, при запуску праці.','UK'),(225,112,'Регулярні, сильні перейми є ознакою праці. Якщо ви відчуваєте, що їх, лягати в клініку або принести народження attendant. Дон \' t чекати.','UK'),(226,113,'Коли ваша дитина тут, ви можете отримати допомогу від вашого здоров\'я працівника. Поговорити з вашого медпрацівником ні про що. Вона є вашим другом.','UK'),(227,1,'Welcome. You have just missed your period, and you\'re already 5 weeks pregnant. Plan to go to the clinic soon.','RU'),(228,2,'Share the secret of your pregnancy with your health worker. She will give you iron and folic acid tablets to help your baby grow well.','RU'),(229,3,'Вы чувствуете себя больным? Большинство женщин делают на ранних сроках беременности. Попробуйте иметь некоторые имбирь, мята или чай с лимоном и отдыха, если вы можете.','RU'),(230,4,'Your baby is the size of a lentil. He already has tiny hands and feet and his heart is beating. ','RU'),(231,5,'Собирается помочь клиника хочет убедиться, что вам и вашему ребенку оставаться здоровым. Узнайте, где ваши ближайшие клиники сегодня.','RU'),(232,6,'Кровянистые выделения или легкие кровотечения является тревожной, но очень часто во время беременности. Если у вас есть кровотечение с болью, немедленно свяжитесь с клиникой.','RU'),(233,7,'Формирование сердца и мозга Вашего ребенка. Принимать железо + фолиевая кислота таблетки каждый день, чтобы помочь ей оставаться в безопасности. Вы можете получить их бесплатно в клинике.','RU'),(234,8,'Ешьте хорошо, поэтому ваш ребенок будет расти хорошо. Попробуйте съесть некоторые мясо, яйца, фасоль или чечевица, каждый день и зеленых овощей и молока, йогурта или сои.','RU'),(235,9,'Свет, кровотечение о времени, вы имели бы ваш период является очень распространенным. Если у вас есть кровотечение с болью, контакт вашего здоровья работника.','RU'),(236,10,'Ваш ребенок имеет размер винограда и разрабатывают его кости. Вы можете чувствовать себя больным или рвотой. Ешьте, когда вы можете и пить много чистой воды.','RU'),(237,11,'Некоторые лекарства могут нанести вред вашему ребенку. Если ваши друзья и семья предложить медицина, проверьте с вашего здоровья работника, прежде чем принимать его.','RU'),(238,12,'План, как вы хотите попасть в клинику для вашего первого визита в пару недель. Спросите вашей семьи за помощью, чтобы туда добраться.','RU'),(239,13,'Ты 2 месяца беременности. Несмотря на то, что ребенок внутри вас крошечные вы можете быть очень устал. Это нормально. Рост ребенка – это тяжелая работа!','RU'),(240,14,'Защитите себя от инфекций. Мойте руки с мылом перед тем, как вы готовить, после посещения туалета и после обработки животных.','RU'),(241,15,'Бад или устаревшие продукты могут сделать вас илл убедитесь, что все продукты свежие. Свежий готовить каждый день. Хранить продукты в прохладном, сухом месте.','RU'),(242,16,'Your baby is now the size of a date. Arrange to go the clinic for a check-up and for your iron and folic acid pills. Take these each day.','RU'),(243,17,'Рождение ставит вас и вашего ребенка на риск столбняка. Столбняк вакцина может защитить вас обоих. Попросите у вашего здоровья о нем.','RU'),(244,18,'Йод помогает развивать мозг вашего ребенка. Проверить соль, вы покупаете имеет добавлен йод. Если вы не уверены, спросите в клинике.','RU'),(245,19,'Вы можете чувствовать меньше больных о сейчас. Ваш ребенок — это размер вашего большого пальца руки и защищен от воды, которую он плавает в, внутри вашей матки.','RU'),(246,20,'Анализы крови, сделать в клинике проверить ваш уровень железа. Вам могут быть предложены вакцины против столбняка и ВИЧ теста','RU'),(247,21,'Головокружение? Сесть, поесть и выпить что-нибудь, до тех пор, пока вы почувствуете себя лучше. Вставать медленно. Старайтесь есть мало и часто.','RU'),(248,22,'Употребление алкоголя вредно для вас и вашего ребенка. Это может сделать ваш ребенок слаб и плохо не пить во время беременности.','RU'),(249,23,'Если у вас есть лихорадка, или начать покачивая и ощущение больным, пойти в клинику. Лихорадка может повлиять на малыша, так как вы и потребности.','RU'),(250,24,'Пейте много чистой воды в течение дня. Это может помочь смыть микробы в вашем теле. Если у вас есть боли в мочеиспускании, пойти в клинику.','RU'),(251,25,'Ваш ребенок большой, как половина банана! Она растет сосание мышцы в ее рот. Она хочет быть готов кормить грудью, как только она рождается.','RU'),(252,26,'Не забудьте взять таблетки железа и фолиевой кислоты. Темная линия на животе вызвана беременностью и будет исчезать после родов.','RU'),(253,27,'Курение причиняет вред вам и вашему ребенку. Если вы курите, ваш ребенок может родиться слабым и легко поймать инфекции. Бросьте курить и избегайте дымный мест.','RU'),(254,28,'Ваш ребенок растет волос, и он может таким образом понять, хмуриться и даже сосать палец! Попробуйте съесть на дополнительных рот пищи на каждой еды и дополнительные закуски.','RU'),(255,29,'Many women begin to feel less sick now and get hungry instead. Eat fruit, vegetables, and meat or lentils, peas, and beans.','RU'),(256,30,'Some pregnant women crave non-foods such as soil. Don\'t eat them. Talk to clinic staff if you have these cravings.','RU'),(257,31,'Внутри вас ваш ребенок будет просто помещается в ладони вашей руки. Он даже имеет крошечные ногти и ресницы.','RU'),(258,32,'Употребление алкоголя может нанести вред вашему ребенку. Это может повлиять на ее рост. Это лучше не иметь каких-либо алкоголя. Пейте много чистой воды.','RU'),(259,33,'Открытые окна, если ваш дом является очень дымно. Постарайтесь бросить курить во время беременности, как это может нанести вред вашему ребенку.','RU'),(260,34,'Ваш ребенок в настоящее время размер груша. Он может найти его первая игрушка - пуповины! После рождения Держите шнур чистой пень.','RU'),(261,35,'Железа и фолиевой кислоты таблетки, чтобы помочь хорошо остаться и помочь вашему ребенку расти хорошо. Попросите их в клинике. Они свободны.','RU'),(262,36,'Ваш ребенок в настоящее время размер небольшой манго. Если вы запорами пить много чистой воды и съесть фрукты и овощи.','RU'),(263,37,'Сохраняя в чистоте помогает защитить вас и вашего ребенка от инфекций. Мойте руки с мылом после туалета и перед едой.','RU'),(264,38,'Во время беременности, для поездки в клинику и когда прибудет ваш ребенок может потребоваться дополнительные деньги. Начните экономить немного каждый день.','RU'),(265,39,'Ваш ребенок-это вдвое больше, он то, что на прошлой неделе. Он движется больше, и вы хотите чувствовать себя его скоро. Теперь он может услышать Ваше сердцебиение.','RU'),(266,40,'Устали с головные боли и головокружение? Вам может понадобиться железа. Помните, чтобы принимать ежедневно таблетки железа и фолиевой кислоты. Получите больше от клиники.','RU'),(267,41,'Она является общей для боли в спине во время беременности. Осторожно снять тяжелые вещи. Разделите нагрузок равномерно между обеими руками.','RU'),(268,42,'Ваш ребенок уже всех ее главных органов - сердца, печени и почек. Она даже начала разработку ключевых бутоны на ее языке!','RU'),(269,43,'Спросите о группе крови в клинике. Проверьте, если родственники имеют ту же группу крови. Спросите их, если они хотят сдавать кровь, если это необходимо.','RU'),(270,44,'Составьте план вашей семьи поставить вашего нового ребенка к груди в первый час. Ваше молоко сливочное впервые будет защищать его от болезни.','RU'),(271,45,'Ты в середине беременности! Ваш ребенок плавает в жидкости. Это защищает его от ударов, держит его в тепло и позволяет ему двигаться вокруг.','RU'),(272,46,'Вы начинаете чувство вашего ребенка вскоре ногами. Возьмите время каждый день чувствовать себя его двигаться. Скажите Ваш медицинский работник каких-либо изменений.','RU'),(273,47,'Чувство из дыхание, когда вы ходите? Теперь вашей матки является давя ваши легкие. Перейти в клинику, если вы найдете что Вы затаив дыхание все время.','RU'),(274,48,'Ваш ребенок слышит Ваше сердцебиение и другие шумы от внутри вашего тела. Он может слышать ваш голос, чтобы говорить и петь ему.','RU'),(275,49,'Мойте руки с мылом и водой для предотвращения инфекции. Мыть их после обработки животных, используя гальюн и перед приготовлением.','RU'),(276,50,'Перейти в клинику, если у вас есть лихорадка, рвота, кровотечение или боль, когда вы пройти мочи. Убедитесь, что вашей семье знать эти знаки тоже.','RU'),(277,51,'Ваш ребенок может перевернуться, а также удар. Это хороший знак. Скажите Ваш медицинский работник, если вы заметили вашего ребенка двигаться гораздо меньше, чем обычно.','RU'),(278,52,'Как ваш младенец растет внутри вас, ему потребуется больше пищи. Постепенно увеличьте количество пищи, которую вы едите, как растет ваш живот.','RU'),(279,53,'Рост младенца может сделать вас чувствовать себя очень уставшим. Получите как много отдыха, как вы можете. Спросите вашей семьи, чтобы помочь с покупки, приготовление пищи и уборка.','RU'),(280,54,'Ваш ребенок теперь имеет определенные периоды сна и бодрствования. Он может разбудить вас с его ногами. Идти в клинику, если ногами, чтобы замедлить или остановить.','RU'),(281,55,'Если кто-то в вашей семье ТБ, есть лекарства, которые можно вылечить, если они получают лечение, он хочет, чтобы помочь защитить вашего ребенка, когда он рождается.','RU'),(282,56,'Область вокруг сосков могут стать темнее и ваши груди могут чувствовать тяжелее сейчас. Ваше тело готовится к кормить грудью малыша.','RU'),(283,57,'Вашего ребенка чувство ключевых развивающихся, готовы наслаждаться вашим молоком! Ваше грудное молоко сделает вашего ребенка становятся сильными. Это идеальная пища.','RU'),(284,58,'Ваше первое молоко лучше всего подходит для вашего ребенка. Пусть ваш партнер знает, что вы хотите кормить грудью вашего ребенка в течение первого часа. Он может поддержать вас.','RU'),(285,59,'Пришло время для вашего следующего посещения клиники. Получите больше железа и фолиевой кислоты таблетки. Если клиники нет на складе, спросите когда вернуться для них.','RU'),(286,60,'Ваш ребенок набирает жир. Этот жир поможет держать его в тепле, когда он рождается. Вы можете помочь ему, съев несколько дополнительных глотка в каждый прием пищи.','RU'),(287,61,'Ваш растущий ребенок требует много железа. Попробуйте съесть мясо, чечевица, фасоль или горох каждый день и принимать ваши таблетки железа.','RU'),(288,62,'Чувство жжения в верхней части живота является изжога. Острой и жирной пищи может сделать его хуже. Стакан молока может помочь успокоить его.','RU'),(289,63,'Ваш ребенок — о размерах ананас. Он практикует двигать мышцы в груди, поэтому он будет готов дышать при рождении.','RU'),(290,64,'Иногда возникнуть осложнения при родах. Лучше попробовать и у вашего ребенка в клинике',' Т'),(291,65,'Как ваш ребенок растет, занимают больше места в утробе матери, вы может найти его трудно есть большие блюда. Ешьте мало и часто, чтобы получить достаточное количество пищи.','RU'),(292,66,'Сон младенцев на этом этапе беременности. Возможно он мечтает о рождении! Если он не так активно, как обычно, расскажите ваше здоровье работника.','RU'),(293,67,'Кальций помогает вашего ребенка кости и зубы становятся сильными. Пить молоко и есть сушеные Кейдж, naan хлеб, фасоль или овощей, чтобы получить большое количество кальция.','RU'),(294,68,'Слегка опухшие руки и ноги являются общими во время беременности. Но если у вас есть внезапный отек и головные боли, пойти в клинику.','RU'),(295,69,'Ваш ребенок реагирует на изменения - она может двигаться, когда вы Раздевайтесь! Чувствую много пить и позывы к мочеиспусканию? Расскажите сотрудникам клиники, это может быть сахарный диабет.','RU'),(296,70,'Родов в домашних условиях? В клинике вы можете получить комплект рождения с пластиковый лист, стерильные шнур режущий инструмент и повязывают запись.','RU'),(297,71,'Пейте много воды и съесть фрукт, чтобы держать ваш стул мягкий. Если у вас есть зуд вокруг ануса, мыть области, после того, как вы открываете ваш кишечник.','RU'),(298,72,'Ваш ребенок имеет такой же размер как большие плоды хлебного дерева. Вы можете почувствовать его реагируют на свет и звук. Эй может выкрутиться, когда вы поете ему.','RU'),(299,73,'Есть два дополнительных глотка пищи на каждый прием пищи и здоровые закуски между приемами пищи. Есть что-то дополнительно, прежде чем вы идете спать, тоже.','RU'),(300,74,'Если вам нужно переливание крови, ваши друзья и семья могут пожертвовать. Попросите их, чтобы узнать, если их группа крови соответствует твое.','RU'),(301,75,'Ваш ребенок может открыть и закрыть глаза. Внутри вашей матки он может рассказать день от ночи кстати легкие изменения.','RU'),(302,76,'Вы с малышом в клинике? Узнайте, самый быстрый способ добраться туда и что транспорт вы можете принять. Спросите вашей семьи, чтобы помочь вам.','RU'),(303,77,'Не буду в клинику для рождения? Убедитесь, что у вас есть подготовленных акушерок и рождения комплект готов, так что у вас есть Сейф, очистить рождения.','RU'),(304,78,'Если вы могли заглянуть внутрь, вы увидите, если у вас мальчик или девочка, как гениталии уже разработали.','RU'),(305,79,'У подготовленных акушерок во время рождения. Она хочет знать, как безопасно доставить плаценту и можно остановить кровотечение слишком много.','RU'),(306,80,'У вас отдохнуть чувствовал ваш живот подтянуть внезапно, тогда? Это то, что практика дефляции. Ваше тело готовится к труда.','RU'),(307,81,'Ваш ребенок становится пухлые! Этот жир будет держать его теплым, когда он рождается. Есть 2 салфетки готова. Один для просушки его и одного, чтобы обернуть его в.','RU'),(308,82,'У имеет или небольшое полотно готовы покрыть голову вашего нового ребенка. Дети теряют много тепла из их головы. Держите его близко к держать его в тепле.','RU'),(309,83,'Пришло время для третьего посещения клиники. Сделайте план поставить вашего ребенка к груди, как только он родился. Не дают мед, или что-нибудь еще.','RU'),(310,84,'Ваш ребенок может решить голову вниз, лучше родиться! Вы можете найти труднее ходить. Пришло время, чтобы замедлить.','RU'),(311,85,'Если в мешок из воды малышу в перерывах, пойти в клинику Ваш ребенок подвергается риску инфицирования. Это может быть ручеек или erupt.','RU'),(312,86,'Судороги ног могут разбудить вас ночью. Растянуть ваши ноги, ходить вокруг и стоял на чем-то холодно, чтобы облегчить судороги.','RU'),(313,87,'Ребенок, Родившийся в начале требует дополнительный уход и тепло. Если он слишком слаб, чтобы кормить, давать ему выразили молоко. Сотрудники клиники может показать вам, как.','RU'),(314,88,'Внезапные отеки рук, лица и ног является признаком проблемы. Расскажите вашей семье и попросить их принять вас в клинику, если они видят это.','RU'),(315,89,'Ваш ребенок хочет упасть ниже теперь готов родиться. Вы хотите дышать более легко, но так что возможно придется мочиться более часто.','RU'),(316,90,'Ваше тело предназначен для родов. Он хочет растянуть и открыть с каждой дефляции в труд, делая пространство для вашего ребенка, чтобы родиться.','RU'),(317,91,'Грудное вскармливание является наилучшим способом. Он безопасен, предотвращает болезни и помогает малышу расти сильным. Пусть ваш ребенок вскармливать всякий раз, когда он хочет.','RU'),(318,92,'Иногда операция является наиболее безопасный способ для вашего ребенка. Выберите клинику, где вы доверяете сотрудников в случае, если вам нужна операция.','RU'),(319,93,'Ваш новорожденный ребенок будет нужна помощь, чтобы согреться, когда он рождается. У некоторых полотен готовы обернуть и его с сухой и удержать его рядом с вами.','RU'),(320,94,'Чтобы вырезать мозг, необходимо новым лезвием или стерильными нож и два кусочка строки о длине вашей руки. Получите эти готовы сейчас.','RU'),(321,95,'Пришло время для вашего последнего обследования в клинике. Используйте этот осмотр на задают вопросы о рождении и как безопасно отрезать шнур.','RU'),(322,96,'Когда шнур перестает пульсирует, галстук часть строки 3 пальцев от вас, еще 3 пальцев от ребенка. Отрежьте шнур между строками.','RU'),(323,97,'Шнур инфекции может сделать ваш ребенок очень плохо Губка шнур с чистой водой и оставить его обнаружили высохнуть. Не кладите ничего на нем.','RU'),(324,98,'Не купать вашего малыша за первые 6 часов своей жизни. Держите ее хорошо завернутый и ее покрытой головой. Шнур будет уменьшаться после недели.','RU'),(325,99,'Ваш ребенок является свернувшись внутри вас все готовы родиться. Поговорите с вашего медицинского работника о вакцинации ваш ребенок нуждается, когда она рождается.','RU'),(326,100,'Желеобразной вещество на вашем белье является признаком того, что скоро начнется труда. Если у вас есть кровотечение как период, пойти в клинику.','RU'),(327,101,'Температура, боль в спине является признаком, что ребенок находится низко, готовы получить родился. Убедитесь, что вы можете получить в клинику во времени.','RU'),(328,102,'Это естественно беспокоиться с рождения так близко, но вы не должны делать это в одиночку. Поговорите с вашего медицинского работника, она может направить вас.','RU'),(329,103,'Ваш ребенок нуждается ничего кроме грудного молока в первые 6 месяцев. Ваше молоко будет содержать все воды и добра, он нуждается.','RU'),(330,104,'Ваше тело знает, как ухаживать за малышом. Как она растет, молоко будет меняться костюм сделать здесь, и вы будете делать нужное количество.','RU'),(331,105,'Ваш ребенок может слышать, видеть и сосать. Он уютно и тепло свернувшись внутри вас. Он готов родиться и будут иметь возможность кормить сразу.','RU'),(332,106,'Ваш новый младенец будет чувствовать холод. Держать его сухим и медсестра ему на груди голой под одеяло, чтобы помочь сохранить его теплым.','RU'),(333,107,'Ваш новый ребенок нуждается в вашей заботе. Если она испытывает затрудненное дыхание или кормления, слишком жарко или слишком холодно, или не отвечает, пойти в клинику.','RU'),(334,108,'Вашего ребенка ждет труда начать также. Вам сделать это вместе! Убедитесь, что у вас все готово.','RU'),(335,109,'После рождения будет кровоточить как очень тяжелый период, так что будьте готовы. Пусть ваш ребенок вскармливать сразу после рождения, чтобы помочь уменьшить кровотечение.','RU'),(336,110,'Вернуться в клинику после рождения, если ваш кровотечение, тяжелая, она имеет неприятный запах, вам проход в крови, или вы чувствуете слабый.','RU'),(337,111,'Если ваш ребенок ещё не здесь на следующей неделе посетить клинику. Убедитесь, что вы можете получить в клинику, когда начать труда.','RU'),(338,112,'Регулярные, сильные схватки являются признаком труда. Если вы чувствуете их, идти в клинику или принести ваши повитухи. Не ждите.','RU'),(339,113,'Когда ваш ребенок здесь, вы можете получить помощь от вашего здоровья работника. Поговорить с вашего работника здравоохранения, о чем угодно. Она является вашим другом.','RU'),(340,114,'Hello. This is a reminder for your scheduled visit at [hospitalname]. Please be there at [visitdatetime]. Sent by MCH-Registry','EN'),(341,114,'Здравствуйте. Это напоминание для вашего запланированного визита в [hospitalname]. Пожалуйста, будьте там в [visitdatetime]. Прислал MCH-реестр','RU'),(342,114,'Здравствуйте. Це нагадування для вашого запланованого візиту в [hospitalname]. Будь ласка, будьте там в [visitdatetime]. Надіслав MCH-реєстр','UK'),(343,115,'Hello. There is a high risk pregnancy visit scheduled for [visitdatetime] at facility [hospitalname] coming up. Sent by MCH-registry','EN'),(344,115,'Здравствуйте. Існує вагітність візит високого ризику заплановано на [visitdatetime] на підприємстві [hospitalname] йдуть вгору. Надіслав MCH-реєстр','UK'),(345,115,'Здравствуйте. Существует беременность визит высокого риска запланировано на [visitdatetime] на предприятии [hospitalname] идут вверх. Прислал MCH-реестр','RU'),(346,116,'High risk pregnancy summary [hospitalname]. Sent by MCH-registry','EN'),(347,116,'High risk pregnancy summary [hospitalname]. Sent by MCH-registry','UK'),(348,116,'High risk pregnancy summary [hospitalname]. Sent by MCH-registry','RU'),(349,117,'Patient [patientname] was released from hospital [hospitalname] where you have referred her to. Sent by MCH-registry','EN'),(350,117,'Patient [patientname] was released from hospital [hospitalname] where you have referred her to. Sent by MCH-registry','UK'),(351,117,'Patient [patientname] was released from hospital [hospitalname] where you have referred her to. Sent by MCH-registry','RU'),(353,120,'Були були відписався від МЧ-реєстру SMS повідомлень.','UK'),(354,121,'Ласкаво просимо. Ви успішно підписані з застосуванням МЧ-реєстру.','UK');
/*!40000 ALTER TABLE `notificationtext` ENABLE KEYS */;
UNLOCK TABLES;

--
-- Table structure for table `notificationqueuehistory`
--

DROP TABLE IF EXISTS `notificationqueuehistory`;
/*!40101 SET @saved_cs_client     = @@character_set_client */;
/*!40101 SET character_set_client = utf8 */;
CREATE TABLE `notificationqueuehistory` (
  `NotificationQueueID` bigint(20) NOT NULL,
  `MobilePhone` varchar(13) COLLATE utf8_bin NOT NULL,
  `NotificationText` varchar(2500) COLLATE utf8_bin DEFAULT NULL,
  `DateTimeToSend` datetime DEFAULT NULL,
  PRIMARY KEY (`NotificationQueueID`)
) ENGINE=InnoDB DEFAULT CHARSET=utf8 COLLATE=utf8_bin;
/*!40101 SET character_set_client = @saved_cs_client */;

--
-- Table structure for table `notificationsmsservice`
--

DROP TABLE IF EXISTS `notificationsmsservice`;
/*!40101 SET @saved_cs_client     = @@character_set_client */;
/*!40101 SET character_set_client = utf8 */;
CREATE TABLE `notificationsmsservice` (
  `NotificationSMSServiceID` int(11) NOT NULL AUTO_INCREMENT,
  `notificationProvider` varchar(45) COLLATE utf8_bin DEFAULT NULL,
  `notificationProtocol` varchar(45) COLLATE utf8_bin DEFAULT NULL,
  PRIMARY KEY (`NotificationSMSServiceID`)
) ENGINE=InnoDB AUTO_INCREMENT=2 DEFAULT CHARSET=utf8 COLLATE=utf8_bin;
/*!40101 SET character_set_client = @saved_cs_client */;

--
-- Dumping data for table `notificationsmsservice`
--

LOCK TABLES `notificationsmsservice` WRITE;
/*!40000 ALTER TABLE `notificationsmsservice` DISABLE KEYS */;
INSERT INTO `notificationsmsservice` VALUES (1,'Clickatell','SOAP');
/*!40000 ALTER TABLE `notificationsmsservice` ENABLE KEYS */;
UNLOCK TABLES;

--
-- Table structure for table `notification`
--

DROP TABLE IF EXISTS `notification`;
/*!40101 SET @saved_cs_client     = @@character_set_client */;
/*!40101 SET character_set_client = utf8 */;
CREATE TABLE `notification` (
  `NotificationID` int(11) NOT NULL AUTO_INCREMENT,
  `Day` int(10) unsigned zerofill DEFAULT NULL,
  `NotificationTypeID` int(10) DEFAULT NULL,
  PRIMARY KEY (`NotificationID`),
  UNIQUE KEY `idrecommendations_UNIQUE` (`NotificationID`)
) ENGINE=InnoDB AUTO_INCREMENT=122 DEFAULT CHARSET=utf8 COLLATE=utf8_bin;
/*!40101 SET character_set_client = @saved_cs_client */;

--
-- Dumping data for table `notification`
--

LOCK TABLES `notification` WRITE;
/*!40000 ALTER TABLE `notification` DISABLE KEYS */;
INSERT INTO `notification` VALUES (1,0000000029,1),(2,0000000029,1),(3,0000000029,1),(4,0000000036,1),(5,0000000036,1),(6,0000000036,1),(7,0000000043,1),(8,0000000043,1),(9,0000000043,1),(10,0000000050,1),(11,0000000050,1),(12,0000000050,1),(13,0000000057,1),(14,0000000057,1),(15,0000000057,1),(16,0000000064,1),(17,0000000064,1),(18,0000000064,1),(19,0000000071,1),(20,0000000071,1),(21,0000000071,1),(22,0000000078,1),(23,0000000078,1),(24,0000000078,1),(25,0000000085,1),(26,0000000085,1),(27,0000000085,1),(28,0000000092,1),(29,0000000092,1),(30,0000000092,1),(31,0000000099,1),(32,0000000099,1),(33,0000000099,1),(34,0000000106,1),(35,0000000106,1),(36,0000000113,1),(37,0000000113,1),(38,0000000113,1),(39,0000000120,1),(40,0000000120,1),(41,0000000120,1),(42,0000000127,1),(43,0000000127,1),(44,0000000127,1),(45,0000000134,1),(46,0000000134,1),(47,0000000134,1),(48,0000000141,1),(49,0000000141,1),(50,0000000141,1),(51,0000000148,1),(52,0000000148,1),(53,0000000148,1),(54,0000000155,1),(55,0000000155,1),(56,0000000155,1),(57,0000000162,1),(58,0000000162,1),(59,0000000162,1),(60,0000000169,1),(61,0000000169,1),(62,0000000169,1),(63,0000000176,1),(64,0000000176,1),(65,0000000176,1),(66,0000000183,1),(67,0000000183,1),(68,0000000183,1),(69,0000000190,1),(70,0000000190,1),(71,0000000190,1),(72,0000000197,1),(73,0000000197,1),(74,0000000197,1),(75,0000000204,1),(76,0000000204,1),(77,0000000204,1),(78,0000000211,1),(79,0000000211,1),(80,0000000211,1),(81,0000000218,1),(82,0000000218,1),(83,0000000218,1),(84,0000000225,1),(85,0000000225,1),(86,0000000225,1),(87,0000000232,1),(88,0000000232,1),(89,0000000232,1),(90,0000000239,1),(91,0000000239,1),(92,0000000239,1),(93,0000000246,1),(94,0000000246,1),(95,0000000246,1),(96,0000000253,1),(97,0000000253,1),(98,0000000253,1),(99,0000000260,1),(100,0000000260,1),(101,0000000260,1),(102,0000000267,1),(103,0000000267,1),(104,0000000267,1),(105,0000000274,1),(106,0000000274,1),(107,0000000274,1),(108,0000000281,1),(109,0000000281,1),(110,0000000281,1),(111,0000000288,1),(112,0000000288,1),(113,0000000288,1),(114,NULL,2),(115,0000000000,3),(116,0000000000,4),(117,0000000000,5),(118,0000000001,1),(119,0000000001,1),(120,NULL,7),(121,NULL,6);
/*!40000 ALTER TABLE `notification` ENABLE KEYS */;
UNLOCK TABLES;

--
-- Table structure for table `notificationconfiguration`
--

DROP TABLE IF EXISTS `notificationconfiguration`;
/*!40101 SET @saved_cs_client     = @@character_set_client */;
/*!40101 SET character_set_client = utf8 */;
CREATE TABLE `notificationconfiguration` (
  `NotificationConfigurationID` int(11) NOT NULL AUTO_INCREMENT,
  `DaysBeforeOrAfter` int(10) DEFAULT NULL,
  `TimeToSend` time DEFAULT NULL,
  `Enabled` tinyint(1) DEFAULT NULL,
  `FacilityID` int(10) DEFAULT NULL,
  `NotificationTypeID` int(10) DEFAULT NULL,
  PRIMARY KEY (`NotificationConfigurationID`)
) ENGINE=InnoDB AUTO_INCREMENT=9 DEFAULT CHARSET=utf8 COLLATE=utf8_bin;
/*!40101 SET character_set_client = @saved_cs_client */;

--
-- Table structure for table `notificationqueue`
--

DROP TABLE IF EXISTS `notificationqueue`;
/*!40101 SET @saved_cs_client     = @@character_set_client */;
/*!40101 SET character_set_client = utf8 */;
CREATE TABLE `notificationqueue` (
  `NotificationQueueID` bigint(20) NOT NULL AUTO_INCREMENT,
  `MobilePhone` varchar(13) COLLATE utf8_bin NOT NULL,
  `NotificationText` varchar(2500) COLLATE utf8_bin DEFAULT NULL,
  `DateTimeToSend` datetime DEFAULT NULL,
  PRIMARY KEY (`NotificationQueueID`)
) ENGINE=InnoDB AUTO_INCREMENT=4 DEFAULT CHARSET=utf8 COLLATE=utf8_bin;
/*!40101 SET character_set_client = @saved_cs_client */;

--
-- Table structure for table `notificationtype`
--
/*!40101 SET @OLD_CHARACTER_SET_CLIENT=@@CHARACTER_SET_CLIENT */;
/*!40101 SET @OLD_CHARACTER_SET_RESULTS=@@CHARACTER_SET_RESULTS */;
/*!40101 SET @OLD_COLLATION_CONNECTION=@@COLLATION_CONNECTION */;
/*!40101 SET NAMES utf8 */;
/*!40103 SET @OLD_TIME_ZONE=@@TIME_ZONE */;
/*!40103 SET TIME_ZONE='+00:00' */;
/*!40014 SET @OLD_UNIQUE_CHECKS=@@UNIQUE_CHECKS, UNIQUE_CHECKS=0 */;
/*!40014 SET @OLD_FOREIGN_KEY_CHECKS=@@FOREIGN_KEY_CHECKS, FOREIGN_KEY_CHECKS=0 */;
/*!40101 SET @OLD_SQL_MODE=@@SQL_MODE, SQL_MODE='NO_AUTO_VALUE_ON_ZERO' */;
/*!40111 SET @OLD_SQL_NOTES=@@SQL_NOTES, SQL_NOTES=0 */;

DROP TABLE IF EXISTS `notificationtype`;
/*!40101 SET @saved_cs_client     = @@character_set_client */;
/*!40101 SET character_set_client = utf8 */;
CREATE TABLE `notificationtype` (
  `NotificationTypeID` int(11) NOT NULL,
  `TypeName` varchar(45) COLLATE utf8_bin DEFAULT NULL,
  PRIMARY KEY (`NotificationTypeID`)
) ENGINE=InnoDB DEFAULT CHARSET=utf8 COLLATE=utf8_bin;
/*!40101 SET character_set_client = @saved_cs_client */;

--
-- Dumping data for table `notificationtype`
--

LOCK TABLES `notificationtype` WRITE;
/*!40000 ALTER TABLE `notificationtype` DISABLE KEYS */;
INSERT INTO `notificationtype` VALUES (1,'Recommendations'),(2,'Reminders'),(3,'RemindersHighRisk'),(4,'HighRiskPregnanciesSummary'),(5,'PatientDischargedReferral'),(6,'Subscribe'),(7,'Unsubscribe');
/*!40000 ALTER TABLE `notificationtype` ENABLE KEYS */;
UNLOCK TABLES;

--
-- Dumping routines for database 'registry'
--
/*!50003 DROP PROCEDURE IF EXISTS `insertnotification` */;
/*!50003 SET @saved_cs_client      = @@character_set_client */ ;
/*!50003 SET @saved_cs_results     = @@character_set_results */ ;
/*!50003 SET @saved_col_connection = @@collation_connection */ ;
/*!50003 SET character_set_client  = utf8 */ ;
/*!50003 SET character_set_results = utf8 */ ;
/*!50003 SET collation_connection  = utf8_general_ci */ ;
/*!50003 SET @saved_sql_mode       = @@sql_mode */ ;
/*!50003 SET sql_mode              = 'NO_ENGINE_SUBSTITUTION' */ ;
DELIMITER ;;
CREATE DEFINER=`root`@`localhost` PROCEDURE `insertnotification`(IN nText varchar(2500), nDay INT(10), nType INT(10), nLanguageCode varchar(2))
BEGIN
INSERT INTO notification
(Day,
NotificationTypeID)
VALUES
(nDay,
nType);
INSERT INTO notificationtext
(NotificationID,
Text,
LanguageCode)
VALUES
(LAST_INSERT_ID(),
nText,
nLanguageCode);
END ;;
DELIMITER ;
/*!50003 SET sql_mode              = @saved_sql_mode */ ;
/*!50003 SET character_set_client  = @saved_cs_client */ ;
/*!50003 SET character_set_results = @saved_cs_results */ ;
/*!50003 SET collation_connection  = @saved_col_connection */ ;
/*!40103 SET TIME_ZONE=@OLD_TIME_ZONE */;

/*!40101 SET SQL_MODE=@OLD_SQL_MODE */;
/*!40014 SET FOREIGN_KEY_CHECKS=@OLD_FOREIGN_KEY_CHECKS */;
/*!40014 SET UNIQUE_CHECKS=@OLD_UNIQUE_CHECKS */;
/*!40101 SET CHARACTER_SET_CLIENT=@OLD_CHARACTER_SET_CLIENT */;
/*!40101 SET CHARACTER_SET_RESULTS=@OLD_CHARACTER_SET_RESULTS */;
/*!40101 SET COLLATION_CONNECTION=@OLD_COLLATION_CONNECTION */;
/*!40111 SET SQL_NOTES=@OLD_SQL_NOTES */;
